"","start","Jai.Ho."
"1",2014-01-01,10
"2",2014-01-02,9
"3",2014-01-03,9
"4",2014-01-04,10
"5",2014-01-05,9
"6",2014-01-06,8
"7",2014-01-07,9
"8",2014-01-08,8
"9",2014-01-09,8
"10",2014-01-10,8
"11",2014-01-11,13
"12",2014-01-12,13
"13",2014-01-13,10
"14",2014-01-14,10
"15",2014-01-15,10
"16",2014-01-16,10
"17",2014-01-17,11
"18",2014-01-18,17
"19",2014-01-19,21
"20",2014-01-20,16
"21",2014-01-21,16
"22",2014-01-22,16
"23",2014-01-23,21
"24",2014-01-24,81
"25",2014-01-25,100
"26",2014-01-26,81
"27",2014-01-27,63
"28",2014-01-28,49
"29",2014-01-29,43
"30",2014-01-30,39
"31",2014-01-31,35
