"","start","end","Holiday."
"1",2014-03-02,2014-03-08,64
"2",2014-03-09,2014-03-15,66
"3",2014-03-16,2014-03-22,63
"4",2014-03-23,2014-03-29,64
"5",2014-03-30,2014-04-05,66
"6",2014-04-06,2014-04-12,72
"7",2014-04-13,2014-04-19,86
"8",2014-04-20,2014-04-26,88
"9",2014-04-27,2014-05-03,82
"10",2014-05-04,2014-05-10,89
"11",2014-05-11,2014-05-17,77
"12",2014-05-18,2014-05-24,83
"13",2014-05-25,2014-05-31,92
"14",2014-06-01,2014-06-07,89
"15",2014-06-08,2014-06-14,100
"16",2014-06-15,2014-06-21,88
"17",2014-06-22,2014-06-28,86
"18",2014-06-29,2014-07-05,90
