"","start","Humpty.Sharma.Ki.Dulhania."
"1",2014-05-01,0
"2",2014-05-02,1
"3",2014-05-03,1
"4",2014-05-04,1
"5",2014-05-05,1
"6",2014-05-06,1
"7",2014-05-07,0
"8",2014-05-08,1
"9",2014-05-09,1
"10",2014-05-10,1
"11",2014-05-11,1
"12",2014-05-12,1
"13",2014-05-13,1
"14",2014-05-14,1
"15",2014-05-15,1
"16",2014-05-16,1
"17",2014-05-17,1
"18",2014-05-18,1
"19",2014-05-19,1
"20",2014-05-20,2
"21",2014-05-21,8
"22",2014-05-22,6
"23",2014-05-23,4
"24",2014-05-24,5
"25",2014-05-25,10
"26",2014-05-26,29
"27",2014-05-27,30
"28",2014-05-28,18
"29",2014-05-29,16
"30",2014-05-30,12
"31",2014-05-31,17
"32",2014-06-01,16
"33",2014-06-02,14
"34",2014-06-03,14
"35",2014-06-04,17
"36",2014-06-05,21
"37",2014-06-06,22
"38",2014-06-07,56
"39",2014-06-08,80
"40",2014-06-09,54
"41",2014-06-10,54
"42",2014-06-11,52
"43",2014-06-12,63
"44",2014-06-13,74
"45",2014-06-14,91
"46",2014-06-15,87
"47",2014-06-16,81
"48",2014-06-17,84
"49",2014-06-18,86
"50",2014-06-19,86
"51",2014-06-20,87
"52",2014-06-21,100
"53",2014-06-22,90
"54",2014-06-23,72
"55",2014-06-24,71
"56",2014-06-25,69
"57",2014-06-26,70
"58",2014-06-27,73
"59",2014-06-28,93
"60",2014-06-29,89
"61",2014-06-30,66
