"","start","Drishyam."
"1",2015-08-01,100
"2",2015-08-02,84
"3",2015-08-03,62
"4",2015-08-04,54
"5",2015-08-05,50
"6",2015-08-06,47
"7",2015-08-07,49
"8",2015-08-08,60
"9",2015-08-09,54
"10",2015-08-10,36
"11",2015-08-11,30
"12",2015-08-12,28
"13",2015-08-13,25
"14",2015-08-14,28
"15",2015-08-15,35
"16",2015-08-16,30
"17",2015-08-17,19
"18",2015-08-18,17
"19",2015-08-19,15
"20",2015-08-20,14
"21",2015-08-21,16
"22",2015-08-22,21
"23",2015-08-23,19
"24",2015-08-24,11
"25",2015-08-25,10
"26",2015-08-26,9
"27",2015-08-27,9
"28",2015-08-28,11
"29",2015-08-29,15
"30",2015-08-30,12
"31",2015-08-31,8
