"","start","end","Dragon.Blade."
"1",2015-01-04,2015-01-10,16
"2",2015-01-11,2015-01-17,16
"3",2015-01-18,2015-01-24,14
"4",2015-01-25,2015-01-31,15
"5",2015-02-01,2015-02-07,21
"6",2015-02-08,2015-02-14,32
"7",2015-02-15,2015-02-21,84
"8",2015-02-22,2015-02-28,88
"9",2015-03-01,2015-03-07,87
"10",2015-03-08,2015-03-14,100
"11",2015-03-15,2015-03-21,49
"12",2015-03-22,2015-03-28,67
"13",2015-03-29,2015-04-04,66
"14",2015-04-05,2015-04-11,35
"15",2015-04-12,2015-04-18,55
"16",2015-04-19,2015-04-25,50
"17",2015-04-26,2015-05-02,42
