"","start","Aatma."
"1",2013-02-01,1
"2",2013-02-02,1
"3",2013-02-03,1
"4",2013-02-04,1
"5",2013-02-05,1
"6",2013-02-06,1
"7",2013-02-07,1
"8",2013-02-08,2
"9",2013-02-09,2
"10",2013-02-10,3
"11",2013-02-11,3
"12",2013-02-12,11
"13",2013-02-13,10
"14",2013-02-14,5
"15",2013-02-15,5
"16",2013-02-16,5
"17",2013-02-17,4
"18",2013-02-18,3
"19",2013-02-19,3
"20",2013-02-20,3
"21",2013-02-21,3
"22",2013-02-22,4
"23",2013-02-23,4
"24",2013-02-24,3
"25",2013-02-25,3
"26",2013-02-26,3
"27",2013-02-27,4
"28",2013-02-28,4
"29",2013-03-01,5
"30",2013-03-02,5
"31",2013-03-03,8
"32",2013-03-04,8
"33",2013-03-05,8
"34",2013-03-06,9
"35",2013-03-07,10
"36",2013-03-08,11
"37",2013-03-09,17
"38",2013-03-10,13
"39",2013-03-11,12
"40",2013-03-12,11
"41",2013-03-13,12
"42",2013-03-14,13
"43",2013-03-15,13
"44",2013-03-16,17
"45",2013-03-17,18
"46",2013-03-18,21
"47",2013-03-19,20
"48",2013-03-20,24
"49",2013-03-21,36
"50",2013-03-22,100
"51",2013-03-23,98
"52",2013-03-24,77
"53",2013-03-25,59
"54",2013-03-26,46
"55",2013-03-27,43
"56",2013-03-28,48
"57",2013-03-29,46
"58",2013-03-30,44
"59",2013-03-31,36
